{"cameraMode":{"drawMode":0,"name":"Shaded","section":"Shading Mode"},"sceneLighting":false,"audioPlay":false,"sceneViewState":{"m_AlwaysRefresh":false,"showFog":true,"showSkybox":true,"showFlares":true,"showImageEffects":true,"showParticleSystems":true,"showVisualEffectGraphs":true,"m_FxEnabled":true},"in2DMode":false,"pivot":{"x":0.41350582242012026,"y":8.118559837341309,"z":16.67300796508789},"rotation":{"x":-0.018621627241373063,"y":0.9804538488388062,"z":-0.11493916064500809,"w":-0.15874554216861726},"size":5.114086151123047,"orthographic":true}