{"cameraMode":{"drawMode":0,"name":"Shaded","section":"Shading Mode"},"sceneLighting":false,"audioPlay":false,"sceneViewState":{"m_AlwaysRefresh":false,"showFog":true,"showSkybox":true,"showFlares":true,"showImageEffects":true,"showParticleSystems":true,"showVisualEffectGraphs":true,"m_FxEnabled":true},"in2DMode":false,"pivot":{"x":-1.5828371047973633,"y":1.1388123035430909,"z":-5.5120697021484379},"rotation":{"x":-0.00169805355835706,"y":-0.9978039264678955,"z":0.030850090086460115,"w":-0.05964769795536995},"size":2.9244258403778078,"orthographic":true}