{"cameraMode":{"drawMode":0,"name":"Shaded","section":"Shading Mode"},"sceneLighting":false,"audioPlay":false,"sceneViewState":{"m_AlwaysRefresh":false,"showFog":true,"showSkybox":true,"showFlares":true,"showImageEffects":true,"showParticleSystems":true,"showVisualEffectGraphs":true,"m_FxEnabled":true},"in2DMode":false,"pivot":{"x":59.908973693847659,"y":35.08592224121094,"z":-18.516460418701173},"rotation":{"x":0.22393368184566499,"y":-0.022488735616207124,"z":0.005143624730408192,"w":0.9743757247924805},"size":241.96424865722657,"orthographic":true}