{"cameraMode":{"drawMode":0,"name":"Shaded","section":"Shading Mode"},"sceneLighting":false,"audioPlay":false,"sceneViewState":{"m_AlwaysRefresh":false,"showFog":true,"showSkybox":true,"showFlares":true,"showImageEffects":true,"showParticleSystems":true,"showVisualEffectGraphs":true,"m_FxEnabled":true},"in2DMode":false,"pivot":{"x":4.260397911071777,"y":28.815113067626954,"z":-26.284513473510743},"rotation":{"x":-0.0008800335926935077,"y":0.682295560836792,"z":-0.7310770750045776,"w":-0.0008212821558117867},"size":17.113784790039064,"orthographic":true}